per,1,2,3,4,5,6,7,8,9,10,11,12,13,14,15,16,17,18,19,20,21,22,23,24,25,26,27,28,29,30,31,32,33,34,35,36,37,38,39,40,41,42,43,44,45,46,47,48,49,50,51,52,53,54,55,56,57,58,59,60,61,62,63,64,65,66,67,68,69,70,71,72,73,74,75,76,77,78,79,80,81,82,83,84,85,86,87,88,89,90,91,92,93,94,95,96,97,98,99,100,101,102,103,104,105,106,107,108,109,110,111,112,113,114,115,116,117,118,119,120,121,122,123,124,125,126,127,128,129,130,131,132,133,134,135,136,137,138,139,140,141,142,143,144,145,146,147,148,149,150,151,152,153,154,155,156,157,158,159,160,161,162,163,164,165,166,167,168,169,170,171,172,173,174,175,176,177,178,179,180,181,182,183,184,185,186,187,188,189,190,191,192,193,194,195,196,197,198,199,200,201,202,203,204,205,206,207,208,209,210,211,212,213,214,215,216,217,218,219,220,221,222,223,224,225,226,227,228,229,230,231,232,233,234,235,236,237,238,239,240,241,242,243,244,245,246,247,248,249,250
0,0.1956,0.1956,0.1956,0.1956,0.1956,0.1956,0.1956,0.1956,0.1956,0.1956,0.1956,0.1956,0.1956,0.1956,0.1956,0.1956,0.1956,0.1956,0.1956,0.1956,0.1956,0.1956,0.1956,0.1956,0.1956,0.1956,0.1956,0.1956,0.1956,0.1956,0.1956,0.1956,0.1956,0.1956,0.1956,0.1956,0.1956,0.1956,0.1956,0.1956,0.1956,0.1956,0.1956,0.1956,0.1956,0.1956,0.1956,0.1956,0.1956,0.1956,0.1956,0.1956,0.1956,0.1956,0.1956,0.1956,0.1956,0.1956,0.1956,0.1956,0.1956,0.1956,0.1956,0.1956,0.1956,0.1956,0.1956,0.1956,0.1956,0.1956,0.1956,0.1956,0.1956,0.1956,0.1956,0.1956,0.1956,0.1956,0.1956,0.1956,0.1956,0.1956,0.1956,0.1956,0.1956,0.1956,0.1956,0.1956,0.1956,0.1956,0.1956,0.1956,0.1956,0.1956,0.1956,0.1956,0.1956,0.1956,0.1956,0.1956,0.1956,0.1956,0.1956,0.1956,0.1956,0.1956,0.1956,0.1956,0.1956,0.1956,0.1956,0.1956,0.1956,0.1956,0.1956,0.1956,0.1956,0.1956,0.1956,0.1956,0.1956,0.1956,0.1956,0.1956,0.1956,0.1956,0.1956,0.1956,0.1956,0.1956,0.1956,0.1956,0.1956,0.1956,0.1956,0.1956,0.1956,0.1956,0.1956,0.1956,0.1956,0.1956,0.1956,0.1956,0.1956,0.1956,0.1956,0.1956,0.1956,0.1956,0.1956,0.1956,0.1956,0.1956,0.1956,0.1956,0.1956,0.1956,0.1956,0.1956,0.1956,0.1956,0.1956,0.1956,0.1956,0.1956,0.1956,0.1956,0.1956,0.1956,0.1956,0.1956,0.1956,0.1956,0.1956,0.1956,0.1956,0.1956,0.1956,0.1956,0.1956,0.1956,0.1956,0.1956,0.1956,0.1956,0.1956,0.1956,0.1956,0.1956,0.1956,0.1956,0.1956,0.1956,0.1956,0.1956,0.1956,0.1956,0.1956,0.1956,0.1956,0.1956,0.1956,0.1956,0.1956,0.1956,0.1956,0.1956,0.1956,0.1956,0.1956,0.1956,0.1956,0.1956,0.1956,0.1956,0.1956,0.1956,0.1956,0.1956,0.1956,0.1956,0.1956,0.1956,0.1956,0.1956,0.1956,0.1956,0.1956,0.1956,0.1956,0.1956,0.1956,0.1956,0.1956,0.1956,0.1956,0.1956,0.1956,0.1956,0.1956,0.1956,0.1956,0.1956,0.1956,0.1956,0.1956,0.1956,0.1956,0.1956
1,0.159611797752809,0.168411797752809,0.0719117977528091,0.181511797752809,0.263011797752809,0.324311797752809,0.253211797752809,0.172111797752809,0.187411797752809,-0.00488820224719114,0.364811797752809,-0.192088202247191,-0.0391882022471912,-0.196988202247191,0.355811797752809,0.257111797752809,0.142111797752809,-0.5,0.176611797752809,0.397211797752809,0.0664117977528091,-0.5,0.183511797752809,0.184711797752809,0.332611797752809,0.304711797752809,0.290211797752809,0.142111797752809,0.436711797752809,0.230611797752809,-0.0803882022471911,0.254211797752809,0.187411797752809,0.191211797752809,0.191311797752809,0.167711797752809,0.165011797752809,0.142111797752809,0.324311797752809,-0.040988202247191,0.106311797752809,0.313411797752809,0.133011797752809,0.172111797752809,-0.129088202247191,0.187411797752809,0.687111797752809,0.372111797752809,0.0116117977528085,0.162711797752809,-0.0837882022471912,-0.185288202247191,0.214911797752809,0.175511797752809,0.231011797752809,0.231511797752809,-0.153188202247191,0.215611797752809,0.414511797752809,-0.010988202247191,0.298611797752809,0.323411797752809,-0.452588202247191,0.304711797752809,0.151611797752809,0.179611797752809,0.183511797752809,0.355511797752809,0.252311797752809,0.298611797752809,0.258411797752809,0.224111797752809,0.224811797752809,0.300811797752809,0.222711797752809,0.687111797752809,0.0403117977528091,0.162311797752809,-0.000788202247191033,0.180211797752809,-0.125888202247191,0.418911797752809,0.147011797752809,0.190211797752809,-0.262188202247191,0.886211797752809,0.232811797752809,0.372111797752809,0.396911797752809,0.0408117977528091,0.285811797752809,-0.185288202247191,-0.5,0.310311797752809,0.168411797752809,0.134511797752809,0.332211797752809,0.315911797752809,0.168411797752809,0.214911797752809,0.125111797752809,0.230611797752809,0.414511797752809,0.355511797752809,0.38961179775281,0.112711797752809,0.122411797752809,0.409411797752809,0.182311797752809,0.230611797752809,0.238711797752809,0.263011797752809,0.215611797752809,-0.129088202247191,-0.153188202247191,0.250411797752809,0.159611797752809,0.406811797752809,0.247911797752808,0.207011797752809,0.191311797752809,0.181511797752809,0.214911797752809,0.421311797752809,0.175511797752809,0.229911797752809,0.222711797752809,0.332011797752809,-0.0803882022471911,0.293411797752809,0.265911797752809,0.187411797752809,-0.5,0.139311797752809,0.222811797752809,0.192011797752809,0.258411797752809,0.414511797752809,0.130711797752809,0.229911797752809,0.230811797752809,-0.125888202247191,0.0719117977528091,0.263011797752809,0.177511797752809,0.221011797752809,0.414511797752809,-0.5,0.142111797752809,-0.125888202247191,0.313411797752809,0.316311797752809,0.372111797752809,-0.196988202247191,0.183511797752809,0.436711797752809,0.333111797752809,0.687111797752809,0.221011797752809,0.106411797752809,0.159411797752809,0.181511797752809,0.290211797752809,0.221011797752809,-0.125888202247191,0.300811797752809,0.20771179775281,0.214911797752809,0.252311797752809,0.190211797752809,0.0151117977528092,0.0116117977528085,0.414511797752809,0.602311797752809,-0.153188202247191,-0.170488202247192,0.568411797752809,0.602311797752809,0.139311797752809,-0.185288202247191,0.409411797752809,0.397211797752809,0.275411797752809,0.298611797752809,0.179611797752809,-0.170488202247192,-0.00148820224719107,0.258411797752809,0.175511797752809,0.167711797752809,0.406811797752809,0.421311797752809,0.421311797752809,0.0408117977528091,0.315911797752809,0.167711797752809,-0.000788202247191033,-0.5,0.139311797752809,0.410911797752809,0.230811797752809,0.293411797752809,0.0403117977528091,0.38961179775281,0.203111797752809,0.125111797752809,0.315911797752809,0.285811797752809,0.310011797752809,0.234811797752809,0.234811797752809,0.298611797752809,0.304711797752809,0.215611797752809,0.315711797752809,-0.192088202247191,0.139311797752809,0.331911797752809,-0.185288202247191,0.159411797752809,0.238711797752809,0.253211797752809,0.568411797752809,0.130711797752809,-0.0592882022471915,-0.108688202247191,0.356411797752809,0.247911797752808,-0.170488202247192,0.220811797752809,-0.00488820224719114,0.125111797752809,-0.196988202247191,0.266811797752809,0.302911797752809,-0.5,0.139311797752809,0.372111797752809,0.568411797752809,-0.452588202247191,0.265911797752809,0.250411797752809,0.128411797752809,0.418911797752809,-0.185288202247191,0.130711797752809,0.112711797752809,0.165011797752809,0.290211797752809,0.418911797752809
2,0.102223595505618,0.277523595505618,0.067523595505618,0.872123595505618,0.201923595505618,0.359723595505618,0.309923595505618,-0.0644764044943822,0.214523595505618,-0.118376404494382,0.340723595505618,-0.5,-0.0137764044943823,-0.5,0.155323595505618,0.451123595505619,0.167323595505618,-0.5,-0.5,0.517523595505618,0.0474235955056181,-0.5,0.321023595505618,0.260523595505618,0.254123595505618,0.242123595505618,0.325623595505618,0.167323595505618,0.395523595505618,0.235123595505618,0.0126235955056179,0.183723595505618,0.214523595505618,0.155023595505618,0.309123595505618,0.100523595505618,-0.156476404494382,0.167323595505618,0.359723595505618,-0.421876404494382,0.220723595505618,0.280523595505618,0.140523595505618,-0.0644764044943822,-0.276976404494382,0.214523595505618,0.382823595505618,0.508423595505618,0.384423595505618,0.171223595505618,-0.0946764044943825,-0.5,0.438223595505618,0.273623595505618,0.306023595505618,0.567923595505618,-0.0161764044943823,0.249923595505618,0.542323595505619,0.480523595505618,0.388823595505618,0.0685235955056177,-0.483176404494382,0.242123595505618,0.182823595505618,0.199623595505618,0.321023595505618,0.343423595505618,0.289523595505618,0.388823595505618,0.272923595505618,0.253323595505618,0.295123595505618,0.382223595505618,0.207323595505618,0.382823595505618,-0.0328764044943822,0.242123595505618,0.188123595505618,0.285423595505618,-0.491976404494383,0.382723595505618,0.182923595505619,0.101023595505618,-0.276276404494382,1.29292359550562,0.329023595505618,0.508423595505618,0.440023595505618,0.162823595505618,0.265723595505618,-0.5,-0.5,0.034323595505618,0.277523595505618,-0.144876404494382,0.077523595505618,0.592823595505618,0.277523595505618,0.181623595505618,0.153623595505618,0.235123595505618,0.542323595505619,0.343423595505618,0.525723595505618,-0.0238764044943821,0.151423595505617,0.430923595505618,0.178023595505618,0.235123595505618,0.083923595505618,0.201923595505618,0.249923595505618,-0.276976404494382,-0.0161764044943823,0.196923595505618,0.102223595505618,0.474223595505618,0.260023595505618,0.188923595505618,0.309123595505618,0.872123595505618,0.438223595505618,0.557923595505618,0.273623595505618,0.221723595505618,0.207323595505618,0.491923595505618,0.0126235955056179,0.348223595505618,0.249923595505618,0.214523595505618,-0.5,0.135723595505618,0.262023595505618,0.407323595505618,0.272923595505618,0.542323595505619,0.349623595505618,0.221723595505618,0.444623595505618,-0.491976404494383,0.067523595505618,0.201923595505618,0.280523595505618,-0.103676404494382,0.542323595505619,-0.5,0.167323595505618,-0.491976404494383,0.280523595505618,0.327723595505618,0.508423595505618,-0.5,0.321023595505618,0.395523595505618,0.493323595505618,0.382823595505618,-0.103676404494382,-0.0152764044943823,-0.047176404494382,0.872123595505618,0.325623595505618,-0.103676404494382,-0.491976404494383,0.382223595505618,0.342923595505619,0.438223595505618,0.289523595505618,0.101023595505618,-0.140176404494382,0.384423595505618,0.542323595505619,0.596923595505618,-0.0161764044943823,-0.299676404494383,0.796623595505618,0.596923595505618,0.135723595505618,-0.5,0.430923595505618,0.517523595505618,0.390123595505618,0.388823595505618,0.199623595505618,-0.299676404494383,0.199823595505618,0.272923595505618,0.273623595505618,0.100523595505618,0.474223595505618,0.557923595505618,0.557923595505618,0.162823595505618,0.592823595505618,0.100523595505618,0.188123595505618,-0.5,0.135723595505618,0.214523595505618,0.444623595505618,0.348223595505618,-0.0328764044943822,0.525723595505618,0.198823595505618,0.153623595505618,0.592823595505618,0.265723595505618,0.535723595505618,0.354023595505618,0.354023595505618,0.388823595505618,0.242123595505618,0.249923595505618,0.476223595505618,-0.5,0.135723595505618,0.533523595505618,-0.5,-0.047176404494382,0.083923595505618,0.309923595505618,0.796623595505618,0.349623595505618,-0.107876404494382,-0.0893764044943821,0.417923595505618,0.260023595505618,-0.299676404494383,0.279423595505618,-0.118376404494382,0.153623595505618,-0.5,-0.5,0.279423595505618,-0.5,0.135723595505618,0.508423595505618,0.796623595505618,-0.483176404494382,0.249923595505618,0.196923595505618,0.264823595505618,0.382723595505618,-0.5,0.349623595505618,-0.0238764044943821,-0.156476404494382,0.325623595505618,0.382723595505618
3,0.0743353932584269,0.214935393258427,0.031335393258427,1.27883539325843,-0.0774646067415731,0.600835393258427,0.347135393258427,-0.445364606741573,0.199135393258427,-0.109964606741573,0.439035393258427,-0.5,-0.338464606741573,-0.5,0.0418353932584269,0.587235393258427,0.225935393258427,-0.5,-0.5,0.794435393258427,-0.5,-0.5,0.481235393258427,0.0257353932584267,0.361435393258427,0.249635393258427,0.400635393258427,0.225935393258427,0.515635393258427,0.230035393258427,0.181835393258427,0.212235393258427,0.199135393258427,-0.0515646067415731,0.276235393258427,0.236935393258427,-0.5,0.225935393258427,0.600835393258427,-0.5,0.446435393258427,0.289035393258427,0.136235393258427,-0.445364606741573,-0.140464606741573,0.199135393258427,0.402135393258427,0.710035393258427,0.612635393258427,0.291935393258427,-0.0188646067415733,-0.5,0.402035393258427,0.217335393258427,0.319235393258427,0.537335393258427,-0.0946646067415732,0.241735393258427,0.287435393258427,0.176235393258427,0.368735393258427,0.0199353932584269,-0.5,0.249635393258427,0.240435393258427,0.233935393258427,0.481235393258427,0.480935393258427,0.385735393258427,0.368735393258427,0.307935393258427,0.323635393258427,0.279135393258427,0.355035393258427,0.312535393258427,0.402135393258427,-0.0038646067415736,0.356835393258427,0.144135393258427,0.366835393258427,-0.5,0.207535393258427,0.519335393258427,-0.0206646067415731,0.414335393258427,1.28753539325843,0.239735393258427,0.710035393258427,0.285235393258427,0.198035393258427,0.363835393258427,-0.5,-0.5,0.127335393258427,0.214935393258427,-0.155764606741573,0.0968353932584269,0.721535393258427,0.214935393258427,0.261435393258427,0.182835393258427,0.230035393258427,0.287435393258427,0.480935393258427,0.345235393258427,0.0389353932584269,0.0865353932584262,0.307235393258427,0.354535393258427,0.230035393258427,0.205935393258427,-0.0774646067415731,0.241735393258427,-0.140464606741573,-0.0946646067415732,0.222135393258427,0.0743353932584269,0.413135393258427,0.395235393258427,0.291935393258427,0.276235393258427,1.27883539325843,0.402035393258427,0.303235393258427,0.217335393258427,0.248835393258427,0.312535393258427,0.479835393258427,0.181835393258427,0.294735393258427,0.269935393258427,0.199135393258427,-0.5,0.351035393258427,0.381235393258427,0.210935393258427,0.307935393258427,0.287435393258427,0.477435393258427,0.248835393258427,0.466135393258427,-0.5,0.031335393258427,-0.0774646067415731,0.370735393258427,-0.251564606741573,0.287435393258427,-0.5,0.225935393258427,-0.5,0.289035393258427,0.309635393258427,0.710035393258427,-0.5,0.481235393258427,0.515635393258427,0.292835393258427,0.402135393258427,-0.251564606741573,-0.402964606741573,0.444335393258427,1.27883539325843,0.400635393258427,-0.251564606741573,-0.5,0.355035393258427,0.521335393258427,0.402035393258427,0.385735393258427,-0.0206646067415731,-0.213364606741573,0.612635393258427,0.287435393258427,0.507735393258427,-0.0946646067415732,-0.318664606741574,0.848935393258427,0.507735393258427,0.351035393258427,-0.5,0.307235393258427,0.794435393258427,0.114135393258427,0.368735393258427,0.233935393258427,-0.318664606741574,0.242935393258427,0.307935393258427,0.217335393258427,0.236935393258427,0.413135393258427,0.303235393258427,0.303235393258427,0.198035393258427,0.721535393258427,0.236935393258427,0.144135393258427,-0.5,0.351035393258427,0.403435393258427,0.466135393258427,0.294735393258427,-0.0038646067415736,0.345235393258427,0.316635393258427,0.182835393258427,0.721535393258427,0.363835393258427,0.672335393258427,0.340735393258427,0.340735393258427,0.368735393258427,0.249635393258427,0.241735393258427,0.453035393258427,-0.5,0.351035393258427,0.653835393258427,-0.5,0.444335393258427,0.205935393258427,0.347135393258427,0.848935393258427,0.477435393258427,-0.071964606741573,0.133935393258427,0.611935393258427,0.395235393258427,-0.318664606741574,0.208935393258427,-0.109964606741573,0.182835393258427,-0.5,-0.5,0.0428353932584268,-0.5,0.351035393258427,0.710035393258427,0.848935393258427,-0.5,0.269935393258427,0.222135393258427,0.424735393258427,0.207535393258427,-0.5,0.477435393258427,0.0389353932584269,-0.5,0.400635393258427,0.207535393258427
4,0.108647191011236,0.195947191011236,0.150547191011236,1.12354719101124,0.0512471910112358,0.672047191011236,0.570447191011236,-0.5,0.302147191011236,-0.0749528089887641,0.408447191011236,-0.5,-0.301252808988764,-0.5,0.0112471910112358,0.707347191011236,0.562347191011236,-0.5,-0.5,0.852047191011236,-0.5,-0.5,0.758147191011236,0.105547191011236,0.441247191011236,0.261747191011237,0.561147191011236,0.414847191011236,0.507447191011236,0.249347191011236,0.341747191011236,0.287247191011236,0.219147191011236,-0.0927528089887639,0.436747191011236,0.250147191011236,-0.321252808988765,0.333247191011236,0.234747191011235,-0.5,0.517647191011236,0.252847191011236,-0.5,-0.347552808988764,-0.395152808988764,0.412947191011236,0.436447191011236,1.08284719101124,0.749247191011236,0.371747191011236,-0.0342528089887644,-0.5,0.603647191011236,-0.0869528089887641,0.479147191011236,0.558847191011236,-5.28089887642802e-05,0.268847191011236,0.489047191011236,0.251247191011236,0.0199471910112358,0.0283471910112358,-0.5,0.125947191011236,0.173247191011236,0.510847191011236,0.100347191011236,0.506147191011236,0.361647191011236,0.363347191011236,0.303647191011236,0.403447191011236,0.200647191011236,0.346847191011236,0.347747191011236,0.481947191011236,0.116847191011235,0.476047191011236,0.223947191011236,0.221747191011236,-0.5,0.215047191011236,0.463047191011236,-0.195852808988764,0.629647191011236,0.938747191011236,0.156847191011236,0.317447191011236,-0.5,0.334447191011236,0.395047191011236,-0.5,-0.5,-0.127352808988764,0.060147191011236,-0.0759528089887641,0.122047191011236,0.729047191011236,0.210547191011236,0.228547191011236,0.00234719101123614,0.199447191011236,0.0903471910112359,0.495447191011236,0.568547191011236,0.133547191011236,-0.192852808988765,0.350347191011236,0.0785471910112358,0.205947191011236,0.241347191011236,0.0432471910112359,0.120047191011236,-0.160552808988764,-0.5,0.628847191011236,0.447147191011236,0.323847191011236,-0.5,0.390247191011236,0.296247191011236,0.957347191011236,0.415247191011236,0.311647191011236,0.440647191011236,0.357947191011236,0.281947191011236,0.491247191011236,0.249247191011236,0.431147191011236,0.180747191011236,0.219147191011236,-0.5,0.358547191011236,0.416647191011236,0.081747191011236,-0.0408528089887642,0.345047191011236,0.280347191011236,0.409647191011236,0.491547191011236,-0.5,0.245147191011236,0.0917471910112359,0.334747191011236,-0.136852808988764,0.402147191011236,-0.5,0.233447191011236,-0.5,0.387147191011236,0.298747191011236,0.737247191011236,-0.5,-0.453152808988764,0.134747191011236,0.469347191011236,0.080647191011236,-0.122852808988764,-0.293852808988764,0.431047191011236,1.55574719101124,0.463447191011236,-0.312652808988764,-0.5,0.367147191011237,0.384747191011236,0.0532471910112358,0.448547191011236,0.168247191011236,-0.161052808988765,0.641147191011236,0.283147191011236,0.471747191011236,-0.114752808988764,-0.367252808988765,0.770447191011236,0.203447191011236,0.511547191011236,-0.5,0.283147191011236,0.814447191011236,0.290647191011236,0.354647191011236,0.189947191011236,-0.5,0.322747191011236,0.283847191011236,0.204047191011236,0.256947191011236,0.323947191011236,0.275347191011236,0.224747191011236,0.292647191011236,0.717247191011236,0.318347191011236,0.130047191011236,-0.5,0.574347191011236,0.0108471910112359,0.117347191011236,0.246147191011236,0.156347191011235,0.505447191011236,0.161847191011236,0.138847191011236,0.708247191011236,0.454047191011236,0.593847191011236,0.019247191011236,0.360047191011236,0.557647191011236,-0.0263528089887642,0.0665471910112359,0.460547191011236,-0.5,0.214447191011236,0.675347191011236,-0.5,0.645947191011236,-0.442252808988764,0.382547191011236,0.812747191011236,0.718547191011236,-0.217052808988764,0.055447191011236,0.669547191011236,0.500447191011236,-0.440352808988765,0.194847191011236,-0.171052808988764,0.0462471910112359,-0.5,-0.5,0.449547191011236,-0.5,0.0467471910112359,0.819147191011236,1.01814719101124,-0.5,0.239347191011236,0.382347191011236,0.459047191011236,0.183447191011236,-0.5,0.473847191011236,0.0739471910112359,-0.5,-0.5,0.174247191011236
5,0.100458988764045,-0.5,0.137258988764045,1.05035898876404,0.0866589887640446,-0.262341011235955,0.534258988764045,-0.5,0.392358988764045,-0.0704410112359552,0.429958988764045,-0.5,-0.205041011235955,-0.5,-0.310241011235955,0.867858988764045,0.531758988764045,-0.5,-0.5,0.908758988764045,-0.5,-0.5,0.886858988764045,0.220258988764045,0.555958988764045,0.396958988764046,0.537958988764045,0.370858988764045,0.534558988764045,0.216058988764045,0.329658988764045,0.300458988764045,0.253458988764045,0.027358988764045,0.413558988764045,0.277358988764045,-0.278141011235956,0.309758988764045,0.105558988764044,-0.5,-0.416741011235955,0.0776589887640449,-0.5,-0.292741011235955,-0.375841011235955,0.434458988764045,0.428258988764045,1.31105898876405,0.494558988764045,0.486458988764045,0.0709589887640446,-0.5,0.723958988764045,-0.0676410112359551,0.467058988764045,0.435158988764045,0.0353589887640447,0.253458988764045,0.609358988764045,0.264458988764045,0.156958988764045,-0.0545410112359552,-0.5,0.121558988764045,0.309658988764045,0.639558988764045,-0.5,0.564758988764045,0.459958988764045,0.274158988764045,0.480158988764045,0.518158988764045,0.307958988764045,0.373958988764045,0.561558988764045,0.596658988764045,0.128258988764044,0.462758988764045,0.338658988764045,0.185758988764045,-0.248841011235955,0.210758988764045,0.459458988764045,-0.340941011235955,0.433258988764044,1.07575898876404,0.0202589887640448,-0.230541011235955,-0.5,0.494358988764045,0.452658988764045,-0.5,-0.5,-0.108041011235955,0.182158988764045,0.0387589887640449,0.180658988764045,0.724758988764045,0.174358988764045,0.237058988764045,-0.152941011235955,0.335958988764045,0.291658988764045,0.530458988764045,0.532358988764045,0.168958988764045,-0.203741011235956,0.195558988764045,0.171558988764045,0.304258988764045,0.316358988764045,0.0546589887640448,-0.267641011235955,-0.0624410112359549,-0.5,0.623458988764045,0.675358988764045,0.438258988764045,-0.5,0.681658988764045,0.330558988764045,0.591258988764044,0.442458988764045,0.228758988764045,0.404458988764045,0.295358988764045,-0.039541011235955,0.473158988764045,0.188158988764045,0.591058988764045,0.0590589887640446,0.253458988764045,-0.5,0.354258988764045,0.491658988764045,0.062758988764045,0.0961589887640447,0.401758988764045,0.481658988764045,0.471158988764045,0.166858988764045,-0.378541011235955,0.266658988764045,0.0676589887640449,0.277358988764045,-0.412841011235955,0.126158988764045,-0.5,0.229158988764045,-0.5,0.330858988764045,0.374558988764045,0.776458988764045,-0.5,-0.5,-0.5,0.605658988764045,-0.285441011235956,-0.0874410112359553,-0.356441011235955,0.426758988764045,1.68445898876404,0.477958988764045,-0.5,-0.5,0.502358988764046,0.447558988764045,0.190258988764045,0.463058988764045,0.124258988764045,-0.148941011235955,0.670358988764045,0.459658988764045,0.414358988764045,-0.0166410112359552,-0.331341011235955,0.877758988764045,0.222758988764045,0.488358988764045,-0.5,0.381458988764045,0.848758988764045,0.426958988764045,1.04525898876404,0.221158988764045,-0.5,0.437458988764045,0.382158988764045,0.199758988764045,0.291258988764045,0.202258988764045,0.208158988764045,0.332058988764045,0.328058988764045,0.893758988764045,0.291158988764045,0.820658988764045,-0.5,0.538158988764045,-0.5,0.254358988764045,0.282058988764045,-0.0441410112359557,0.304958988764045,0.283858988764045,0.170058988764045,0.703958988764045,0.433958988764045,0.701158988764045,-0.346841011235956,0.583358988764045,0.513658988764045,0.0666589887640448,-0.0785410112359551,0.456258988764045,-0.5,0.277258988764045,0.551658988764045,-0.5,0.766258988764045,-0.472841011235955,0.623658988764045,0.606158988764045,0.677358988764046,-0.253041011235955,0.162758988764045,0.726258988764046,0.581858988764045,-0.5,0.885458988764045,-0.450441011235955,0.109058988764045,-0.5,-0.5,0.444158988764045,-0.5,0.0660589887640449,0.756558988764045,0.994058988764045,-0.5,-0.082141011235955,0.181858988764045,0.450858988764045,0.281758988764045,-0.5,0.689158988764045,0.0784589887640449,-0.5,-0.5,0.254058988764045
6,0.127570786516854,-0.5,0.132970786516854,1.07937078651685,0.327770786516854,-0.5,0.359070786516854,-0.5,0.372270786516854,-0.0755292134831462,0.306270786516854,-0.5,-0.294329213483146,-0.5,-0.5,0.844670786516854,0.210270786516854,-0.5,-0.5,0.945970786516854,-0.5,-0.5,0.922270786516854,-0.0557292134831464,0.279970786516854,0.575370786516854,0.749170786516854,0.402070786516854,0.519170786516854,0.295870786516854,0.467170786516854,0.327670786516854,0.245270786516854,0.187870786516854,0.624770786516854,0.316570786516854,-0.432929213483147,0.0731707865168537,0.0865707865168531,-0.5,-0.5,-0.0674292134831461,-0.5,-0.346229213483146,-0.409129213483146,0.310770786516854,0.455370786516854,1.36337078651685,0.513870786516854,0.210470786516854,0.152370786516854,-0.5,1.00087078651685,0.155670786516854,0.604570786516854,0.430770786516854,0.110370786516854,0.358670786516854,0.886270786516854,0.291670786516854,0.0784707865168538,-0.191129213483146,-0.5,0.0853707865168539,0.469570786516854,0.674970786516854,-0.5,0.494270786516854,0.751370786516854,0.152470786516854,0.616470786516854,0.242170786516854,0.284470786516854,0.358570786516854,0.583070786516854,0.320670786516854,0.110170786516853,0.458470786516854,0.0626707865168539,0.128370786516854,-0.279429213483146,0.328570786516854,0.674770786516854,-0.376929213483146,0.622170786516853,0.997270786516854,0.0830707865168538,-0.427629213483146,-0.5,0.482270786516854,0.509370786516854,-0.5,-0.5,-0.141329213483146,0.217370786516854,-0.237229213483146,0.110170786516854,0.842570786516854,-0.0322292134831462,0.357770786516854,-0.226129213483146,-0.0128292134831461,0.334770786516854,0.534970786516854,0.357170786516854,0.243970786516854,-0.127929213483147,0.317570786516854,0.340770786516854,0.595670786516854,0.329570786516854,0.0365707865168538,-0.5,-0.118729213483146,-0.5,0.534270786516854,0.727670786516853,0.663970786516854,-0.5,0.776270786516854,0.322370786516854,0.462070786516853,0.481670786516854,0.0921707865168539,0.229270786516854,0.302870786516854,-0.405629213483147,0.576170786516854,-0.0912292134831462,0.578970786516854,-0.328629213483146,0.245270786516854,-0.5,0.472070786516854,0.504870786516854,-0.5,0.0176707865168537,0.438970786516854,0.524770786516854,0.665170786516854,0.0189707865168538,-0.414729213483146,0.142970786516854,0.165970786516854,0.249470786516854,-0.319829213483146,0.219170786516854,-0.5,0.346970786516854,-0.421529213483146,0.327270786516854,0.139770786516854,0.895670786516854,-0.5,-0.5,-0.5,0.807270786516854,-0.414629213483147,0.153670786516854,-0.348929213483146,0.603270786516854,1.71987078651685,0.512970786516854,-0.5,-0.499829213483146,0.680770786516854,0.462070786516854,0.111770786516854,0.498070786516854,0.155470786516854,-0.0137292134831459,0.740670786516854,0.595970786516854,0.386470786516854,-0.0729292134831462,0.00507078651685377,0.854270786516853,0.446070786516854,0.699570786516854,-0.5,0.672870786516854,0.840570786516854,0.628570786516854,1.45197078651685,0.278770786516854,-0.5,0.161470786516854,0.673570786516854,0.376270786516854,0.283070786516854,-0.185429213483146,0.344570786516854,0.308570786516854,0.403070786516854,1.03007078651685,0.400270786516854,1.22737078651685,-0.5,0.362970786516854,-0.5,0.175870786516854,0.618470786516854,-0.157629213483147,0.191470786516854,0.319070786516854,0.227670786516854,0.880470786516854,0.532070786516854,0.677670786516854,-0.476029213483147,0.547170786516854,0.544870786516854,0.235870786516854,-0.114529213483146,0.574070786516854,-0.5,0.291770786516854,0.547270786516854,-0.5,1.04317078651685,-0.451329213483146,0.582470786516854,1.09767078651685,0.797470786516854,-0.310429213483146,0.139270786516854,0.763470786516854,0.554670786516854,-0.5,1.29217078651685,-0.461329213483146,0.123570786516854,-0.5,-0.5,0.354970786516854,-0.5,0.289370786516854,0.764070786516854,1.09237078651685,-0.5,-0.448229213483147,0.0683707865168538,0.477970786516854,0.573170786516854,-0.5,0.492770786516854,0.0733707865168538,-0.198829213483146,-0.5,0.368770786516854
7,-0.127117415730337,-0.5,0.409882584269663,1.20008258426966,0.386382584269663,-0.5,0.328482584269663,-0.5,0.708682584269663,0.297282584269663,0.301882584269663,-0.5,-0.364817415730337,-0.5,-0.5,0.863982584269663,0.330382584269663,-0.5,-0.0638174157303369,1.00878258426966,-0.5,-0.5,1.09878258426966,0.0420825842696626,0.252782584269663,0.602582584269663,0.968082584269663,0.323582584269663,0.720482584269663,0.230982584269663,0.443682584269663,0.819182584269663,0.209082584269663,0.242682584269663,0.619382584269663,0.275382584269663,-0.214017415730337,0.0816825842696627,0.082282584269662,-0.5,-0.5,-0.156717415730337,-0.5,-0.224217415730337,-0.354317415730337,0.647182584269663,0.474682584269663,1.38878258426966,0.313382584269662,-0.5,0.488782584269663,-0.5,1.03588258426966,0.102182584269663,0.940982584269663,0.407282584269663,0.0617825842696629,0.416282584269663,0.949082584269663,0.226782584269663,-0.176417415730338,-0.196517415730337,-0.5,0.00248258426966282,0.391082584269663,0.655982584269663,-0.367217415730337,0.476182584269663,0.759882584269663,-0.0439174157303372,0.668782584269662,0.519082584269663,0.351882584269663,0.340482584269663,0.658082584269663,0.521982584269663,0.167782584269662,0.422282584269663,0.0582825842696628,0.235682584269663,-0.157417415730337,0.265982584269663,0.834682584269663,-0.175317415730337,1.11368258426966,1.11648258426966,0.0787825842696628,-0.458217415730337,-0.5,0.448982584269663,0.629682584269663,-0.5,-0.5,-0.0269174157303374,-0.131417415730337,0.0541825842696628,0.0566825842696628,0.806582584269663,0.105282584269663,0.377782584269663,-0.0974174157303371,0.124182584269663,0.310682584269663,0.398382584269663,0.493482584269663,0.0468825842696628,-0.0249174157303381,0.298582584269663,0.438882584269663,0.420482584269663,0.325982584269663,0.528082584269663,-0.5,-0.208017415730337,-0.5,0.568582584269663,0.779982584269662,0.824482584269663,-0.5,0.784782584269663,0.306382584269663,0.113282584269662,0.089082584269663,-0.037017415730337,0.423282584269663,0.400682584269663,-0.401117415730338,0.431082584269663,-0.472117415730337,0.715482584269663,-0.333717415730337,0.0447825842696627,-0.5,0.569882584269663,0.359782584269663,-0.5,0.0752825842696627,0.495682584269663,0.501282584269663,0.575882584269663,-0.0345174157303372,-0.5,0.157482584269663,0.303482584269663,0.0128825842696627,-0.183317415730337,0.177982584269663,-0.5,0.149882584269663,-0.220217415730337,0.394682584269663,0.210082584269663,0.971482584269663,-0.5,-0.5,-0.5,0.802182584269663,-0.353117415730337,0.189082584269662,-0.335717415730337,0.567282584269663,1.64938258426966,0.423782584269663,-0.111417415730337,-0.339317415730338,0.716182584269663,0.458482584269663,-0.0430174157303371,0.461882584269663,0.150382584269663,0.0953825842696631,0.877082584269662,0.559782584269663,0.600282584269663,-0.0337174157303372,0.296482584269663,0.889482584269662,0.507582584269663,0.813982584269663,-0.422517415730337,0.888182584269663,1.05588258426966,0.742982584269663,1.56638258426966,0.415082584269663,-0.5,-0.0751174157303373,0.549882584269663,0.474382584269663,0.373282584269663,-0.333317415730337,0.381782584269663,0.186882584269663,0.345682584269663,1.13738258426966,0.490482584269663,1.28408258426966,-0.5,0.038282584269663,-0.5,-0.5,0.655682584269663,-0.246817415730338,0.135182584269663,-0.0618174157303371,-0.0517174157303374,0.866382584269663,0.331582584269663,0.612782584269663,-0.446817415730338,0.716382584269663,0.624682584269663,0.454782584269663,-0.142417415730337,0.672182584269663,-0.5,0.287482584269663,0.656382584269663,-0.5,1.15048258426966,-0.5,0.593882584269663,0.748882584269662,0.867782584269664,-0.5,0.174682584269663,0.730182584269663,0.748682584269664,-0.5,1.46138258426966,-0.484817415730337,0.138082584269663,-0.5,-0.5,0.318782584269663,-0.5,0.308682584269663,0.845482584269663,1.08418258426966,-0.5,-0.287417415730338,0.0411825842696628,0.424482584269663,0.602182584269662,-0.5,0.100182584269663,0.480082584269663,-0.226017415730337,-0.5,0.348682584269663
8,-0.107805617977528,-0.5,0.538594382022472,1.21149438202247,0.315894382022472,-0.5,0.00699438202247201,-0.5,0.678094382022472,0.525494382022472,0.274694382022472,-0.5,-0.336305617977528,-0.5,-0.5,0.830694382022472,0.490894382022472,-0.5,-0.368105617977528,1.02329438202247,-0.5,-0.5,1.23509438202247,0.0968943820224716,0.361894382022472,0.641794382022472,1.09589438202247,0.430894382022472,0.763594382022472,0.449894382022472,0.207094382022472,0.514894382022472,0.0024943820224718,0.189194382022472,0.530194382022472,0.395494382022472,-0.0862056179775282,0.202394382022472,0.258794382022471,-0.5,-0.5,-0.0423056179775282,-0.5,-0.189005617977528,-0.407805617977528,0.616594382022472,0.441394382022472,1.06409438202247,0.199894382022472,-0.5,0.458194382022471,-0.5,1.04039438202247,0.127394382022472,0.910394382022472,0.170694382022472,0.0976943820224722,0.472994382022472,0.963594382022472,0.445694382022472,-0.225005617977529,-0.285705617977528,-0.359505617977528,-0.134105617977528,0.498394382022472,-0.275205617977528,-0.299805617977528,0.579194382022472,0.880594382022472,0.144994382022472,0.680894382022472,0.647794382022472,0.290794382022472,0.443494382022472,0.671294382022472,0.565094382022472,0.224494382022471,0.247094382022472,0.0220943820224718,0.212194382022472,-0.122205617977528,0.273494382022472,0.822594382022473,-0.0550056179775281,0.809394382022471,1.10319438202247,0.196594382022472,-0.5,-0.5,0.528794382022472,0.906594382022472,-0.5,-0.5,0.198794382022472,0.00559438202247161,0.148794382022472,0.0818943820224718,0.749194382022472,0.265494382022472,0.412094382022472,-0.0620056179775284,-0.0124056179775282,0.408994382022472,0.461194382022472,0.695094382022472,0.248194382022472,0.0652943820224708,-0.5,0.382594382022472,0.275394382022472,0.541294382022472,0.223794382022472,-0.5,-0.0936056179775279,-0.5,0.560394382022472,0.792094382022472,0.801294382022472,-0.5,0.905494382022472,0.326394382022472,0.250294382022471,-0.458905617977528,-0.056005617977528,0.559394382022472,0.455494382022472,-0.406205617977529,0.395094382022472,-0.5,0.366694382022472,-0.235905617977528,-0.0687056179775282,-0.5,0.624694382022472,0.323794382022472,-0.5,0.131994382022472,0.532894382022472,0.264694382022472,0.690294382022472,-0.00930561797752825,-0.5,0.192494382022472,0.463694382022472,-0.368005617977528,-0.5,0.298094382022472,-0.5,0.351194382022472,-0.177105617977528,0.333594382022472,0.194094382022472,0.736694382022472,-0.5,-0.5,-0.5,0.899994382022472,-0.159105617977528,0.430194382022471,-0.308505617977528,0.509894382022472,1.67789438202247,0.302094382022472,-0.415705617977528,-0.362505617977529,0.791194382022472,0.673794382022472,0.0789943820224719,0.255294382022472,0.248194382022472,0.0327943820224721,1.03699438202247,0.353194382022472,0.621794382022472,0.0854943820224717,0.391094382022472,1.10329438202247,0.701594382022473,1.03969438202247,-0.455405617977528,0.691794382022472,0.859494382022472,0.968694382022472,1.79209438202247,0.616694382022472,-0.5,-0.456005617977528,0.545494382022472,0.418094382022472,0.353194382022472,-0.196805617977528,0.477994382022472,-0.200805617977528,0.317794382022472,1.11389438202247,0.470394382022472,1.32129438202247,-0.5,-0.109605617977528,-0.394105617977528,-0.5,0.751894382022472,-0.368505617977529,0.131594382022472,-0.5,-0.0626056179775287,1.55699438202247,0.218094382022472,0.831694382022472,-0.376505617977529,0.692294382022472,0.739394382022472,0.582594382022472,-0.209605617977528,0.615894382022472,-0.5,0.463994382022472,0.593794382022472,-0.5,1.12699438202247,-0.5,0.575794382022472,0.885894382022471,0.851794382022472,-0.5,0.249694382022472,0.809994382022472,0.884794382022472,-0.5,1.43729438202247,-0.5,0.173094382022472,-0.5,-0.5,0.143594382022472,-0.5,0.275394382022472,0.818294382022472,1.11129438202247,-0.5,-0.225905617977529,0.150294382022472,0.449694382022472,0.537294382022471,-0.5,-0.447805617977528,0.474694382022472,-0.116905617977528,-0.5,0.446794382022472
9,-0.141093820224719,-0.5,0.57400617977528,1.19340617977528,0.34440617977528,-0.5,-0.35909382022472,-0.5,0.356606179775281,0.57780617977528,0.383806179775281,-0.5,-0.307093820224719,-0.5,-0.39099382022472,0.910506179775281,0.467706179775281,-0.5,-0.348793820224719,1.05830617977528,-0.5,-0.5,1.43670617977528,0.0434061797752806,0.299306179775281,0.761006179775281,0.841006179775281,0.407406179775281,0.608806179775281,0.577706179775281,-0.173793820224719,0.534206179775281,0.494006179775281,0.214406179775281,0.408506179775281,0.556006179775281,-0.34109382022472,0.213806179775281,0.39510617977528,-0.5,-0.5,0.183406179775281,-0.5,0.0248061797752806,-0.382593820224719,0.295106179775281,0.521206179775281,0.916206179775281,0.20830617977528,-0.5,0.136706179775281,-0.5,1.03530617977528,0.186006179775281,0.588906179775281,-0.210193820224719,0.434106179775281,0.510206179775281,0.998606179775281,0.573506179775281,-0.189093820224719,-0.407393820224719,-0.346293820224719,-0.0712938202247192,0.474906179775281,-0.203993820224719,-0.360893820224719,0.669406179775281,0.892006179775281,0.101006179775281,0.816106179775281,0.683206179775281,0.0114061797752808,0.533706179775281,0.698506179775281,0.410306179775281,0.26170617977528,0.102006179775281,-0.184493820224719,-0.0243938202247194,0.0916061797752806,0.269206179775281,0.960106179775281,0.221906179775281,0.82870617977528,1.09890617977528,0.163706179775281,-0.5,-0.5,0.643506179775281,1.03530617977528,-0.5,-0.5,0.335406179775281,-0.0728938202247193,0.184206179775281,0.140506179775281,0.721306179775281,0.0650061797752806,0.403906179775281,0.179106179775281,0.0504061797752807,0.700406179775281,0.475706179775281,0.815406179775281,0.291306179775281,0.0452061797752798,-0.5,0.379006179775281,0.239406179775281,0.344906179775281,0.243106179775281,-0.5,0.132106179775281,-0.5,0.587506179775281,0.92730617977528,1.01250617977528,-0.5,0.916906179775281,0.360706179775281,0.17180617977528,-0.5,-0.5,0.378906179775281,0.402006179775281,-0.30839382022472,0.337706179775281,-0.5,0.503706179775281,-0.181093820224719,-0.0602938202247193,-0.5,0.571206179775281,0.266406179775281,-0.5,0.169206179775281,0.629106179775281,-0.116193820224719,0.916006179775281,0.0493061797752807,-0.5,0.197006179775281,0.263206179775281,-0.5,-0.395093820224719,0.458606179775281,-0.5,0.394306179775281,-0.331893820224719,0.0542061797752808,0.21410617977528,0.762106179775281,-0.5,-0.5,-0.5,0.954806179775281,-0.0229938202247193,0.389006179775281,-0.269293820224719,0.482006179775281,1.70710617977528,-0.0855938202247194,-0.396393820224719,-0.15129382022472,0.804406179775281,0.477406179775281,0.114206179775281,0.746806179775281,0.303006179775281,0.040306179775281,1.02490617977528,0.844706179775281,0.498106179775281,0.0722061797752807,0.426506179775281,1.12480617977528,0.837706179775281,1.17630617977528,-0.446893820224719,0.880706179775281,1.04840617977528,1.10530617977528,1.92870617977528,0.737006179775281,-0.5,-0.5,0.509306179775281,0.414506179775281,0.451306179775281,-0.5,0.388706179775281,-0.5,0.250606179775281,0.87730617977528,0.568506179775281,1.41750617977528,-0.5,0.0269061797752811,-0.257493820224719,-0.5,0.662606179775281,-0.5,0.346906179775281,-0.5,0.0132061797752805,1.96370617977528,0.226506179775281,0.959506179775281,-0.39249382022472,0.790606179775281,0.463406179775281,0.327706179775281,-0.0731938202247193,0.612306179775281,-0.5,0.600306179775281,0.601306179775281,-0.5,0.890406179775281,-0.5,0.678806179775281,0.80740617977528,0.871806179775281,-0.5,0.262906179775281,0.924706179775281,0.704306179775281,-0.5,1.53560617977528,-0.5,0.177606179775281,-0.5,-0.5,-0.0014938202247194,-0.42359382022472,0.355206179775281,0.927406179775281,1.09590617977528,-0.5,-0.0318938202247193,0.0877061797752808,0.508306179775281,0.756206179775281,-0.5,-0.5,0.385506179775281,-0.179493820224719,-0.5,0.390506179775281
10,-0.0232820224719104,-0.5,0.298017977528089,1.22261797752809,0.504917977528089,-0.5,-0.323882022471911,-0.5,0.12181797752809,0.429917977528089,0.32121797752809,-0.5,-0.19268202247191,-0.5,-0.359782022471911,1.31141797752809,0.29251797752809,-0.5,-0.24148202247191,0.12711797752809,-0.5,-0.5,1.42071797752809,0.734017977528089,-0.02538202247191,0.89741797752809,0.86031797752809,0.44661797752809,0.59791797752809,0.62081797752809,0.16261797752809,0.52091797752809,0.71731797752809,0.30461797752809,0.35221797752809,0.38081797752809,-0.40218202247191,0.37431797752809,0.424117977528088,-0.5,-0.5,0.35991797752809,-0.5,0.253017977528089,-0.36808202247191,0.41711797752809,0.49061797752809,1.03541797752809,0.190217977528089,-0.5,0.0474179775280895,-0.5,1.03171797752809,0.21521797752809,0.96171797752809,-0.25878202247191,0.36921797752809,0.56691797752809,1.06981797752809,0.37641797752809,-0.36958202247191,-0.33708202247191,-0.31908202247191,0.20561797752809,0.57111797752809,-0.26138202247191,-0.37898202247191,0.74061797752809,0.96701797752809,0.20621797752809,0.85151797752809,0.71031797752809,-0.37628202247191,0.51961797752809,0.49191797752809,0.53101797752809,0.0551179775280892,0.26221797752809,-0.14528202247191,0.11221797752809,0.00241797752808933,0.35061797752809,0.99551797752809,0.13901797752809,0.780117977528089,1.12741797752809,-0.0333820224719104,-0.5,-0.5,0.63531797752809,1.07121797752809,-0.5,-0.5,0.100617977528089,-0.10078202247191,0.345017977528089,-0.0346820224719103,0.74841797752809,0.10091797752809,0.62961797752809,-0.36888202247191,0.0649179775280897,0.729417977528089,0.44511797752809,0.70191797752809,0.29981797752809,0.180417977528089,-0.5,0.14421797752809,0.45321797752809,0.52141797752809,0.0883179775280897,-0.5,0.12701797752809,-0.5,0.45831797752809,1.61791797752809,1.04681797752809,-0.5,1.01151797752809,0.39611797752809,-0.062982022471911,-0.5,-0.5,0.29601797752809,0.43631797752809,-0.463182022471911,0.30481797752809,-0.5,0.60891797752809,-0.5,-0.0743820224719102,-0.5,0.56611797752809,-0.5,-0.5,-0.0278820224719104,0.53981797752809,-0.14408202247191,0.95031797752809,0.27261797752809,-0.5,0.31901797752809,0.0266179775280896,-0.5,-0.5,0.57781797752809,-0.5,0.159517977528089,-0.48718202247191,0.04881797752809,0.030117977528089,0.75391797752809,-0.5,-0.5,-0.5,0.98911797752809,0.17861797752809,0.44571797752809,-0.108482022471911,0.58721797752809,1.63391797752809,0.0322179775280897,-0.47488202247191,-0.181882022471911,0.83161797752809,0.50861797752809,0.28341797752809,0.84511797752809,0.23811797752809,0.0262179775280901,1.07971797752809,1.53531797752809,0.35021797752809,0.17951797752809,0.28141797752809,1.30321797752809,0.93601797752809,1.25771797752809,-0.36708202247191,0.87251797752809,0.79371797752809,1.08721797752809,1.77341797752809,0.81681797752809,-0.5,-0.5,0.62401797752809,0.49031797752809,0.41511797752809,-0.5,0.61441797752809,-0.5,0.27061797752809,0.970317977528089,0.79181797752809,1.22111797752809,-0.5,0.12311797752809,-0.228482022471911,-0.5,0.27001797752809,-0.5,0.36621797752809,-0.5,0.17311797752809,1.99081797752809,0.50341797752809,0.82291797752809,-0.428482022471911,0.77651797752809,0.56151797752809,0.26661797752809,-0.0813820224719103,0.62071797752809,-0.5,0.70761797752809,0.52811797752809,-0.5,0.83301797752809,-0.5,1.17031797752809,1.20831797752809,0.85371797752809,-0.48128202247191,0.18001797752809,0.91061797752809,1.39491797752809,-0.5,1.52741797752809,-0.5,0.16551797752809,-0.5,-0.5,0.39941797752809,-0.366882022471911,0.17471797752809,0.92301797752809,1.19421797752809,-0.5,0.16211797752809,-0.11278202247191,0.36321797752809,0.689017977528089,-0.5,-0.5,0.50561797752809,-0.21568202247191,-0.5,0.442817977528089
11,-0.0561702247191015,-0.5,0.391029775280898,1.2929297752809,0.481729775280899,-0.5,-0.110070224719102,-0.5,0.147229775280899,0.566429775280899,0.120729775280899,-0.5,0.0330297752808986,-0.5,-0.302170224719102,1.1274297752809,0.147429775280899,-0.5,-0.264970224719101,0.198329775280899,-0.5,-0.5,1.4407297752809,1.1407297752809,-0.173270224719101,1.0573297752809,0.827029775280899,0.565829775280899,0.673729775280899,0.466029775280899,0.132029775280899,0.516629775280899,0.681129775280899,0.284529775280899,0.348629775280899,0.235729775280899,-0.5,0.351129775280899,0.359229775280897,-0.5,-0.5,0.496229775280899,-0.5,0.305329775280898,-0.333070224719101,0.452329775280899,0.169129775280899,1.0221297752809,0.293229775280898,-0.5,0.161829775280898,-0.5,1.2470297752809,0.285529775280899,1.1899297752809,-0.222870224719101,0.588129775280899,0.604129775280899,0.135429775280899,0.577729775280899,-0.5,-0.353070224719101,-0.279870224719101,0.334329775280899,0.481829775280899,-0.289270224719101,-0.275970224719101,-0.193770224719101,0.980229775280899,0.287629775280899,0.926529775280899,0.694929775280898,-0.5,1.2102297752809,0.983429775280899,0.542429775280899,0.546629775280898,0.0617297752808984,-0.0260702247191014,-0.142470224719101,-0.119270224719102,0.323429775280899,1.2366297752809,0.00242977528089882,0.816029775280899,1.1566297752809,0.167929775280899,-0.5,-0.5,0.662429775280899,1.4076297752809,-0.5,-0.5,0.126029775280898,-0.167970224719101,0.406529775280899,-0.179770224719101,0.733029775280899,0.437329775280899,0.766229775280899,-0.5,0.193629775280899,0.664529775280898,0.123629775280899,0.710329775280899,0.420529775280899,0.358829775280897,-0.5,0.169629775280898,0.474729775280899,0.657729775280899,0.210329775280899,-0.5,0.224829775280899,-0.5,0.439329775280899,2.0246297752809,1.0386297752809,-0.5,1.0469297752809,0.471129775280899,-0.0375702247191021,-0.5,-0.5,0.159429775280899,0.428129775280899,-0.341170224719102,0.313329775280899,-0.5,0.690329775280899,-0.5,0.616229775280899,-0.5,0.663929775280899,-0.5,-0.5,0.173429775280899,0.654229775280899,-0.211270224719101,0.942129775280899,0.236429775280899,-0.5,0.354229775280899,-0.354270224719101,-0.5,-0.5,0.564529775280899,-0.5,0.184929775280898,-0.5,-0.0403702247191012,0.402929775280898,0.781029775280899,-0.386270224719101,-0.5,-0.5,0.980929775280899,0.298929775280899,0.482929775280899,-0.0469702247191014,0.668629775280899,1.6629297752809,-0.00067022471910139,-0.367570224719101,-0.205070224719102,0.870829775280899,0.566229775280899,0.259329775280899,1.1365297752809,0.457029775280899,0.716829775280899,1.0262297752809,1.9420297752809,0.486729775280899,0.156029775280899,0.245429775280899,1.4640297752809,1.2274297752809,1.2305297752809,-0.252370224719101,0.899629775280899,0.813029775280899,1.1902297752809,1.7002297752809,0.931529775280899,-0.5,-0.5,0.348029775280899,0.255529775280899,0.239929775280899,-0.5,0.751029775280899,-0.5,0.304929775280899,1.1395297752809,0.755629775280899,1.4100297752809,-0.5,0.0338297752808991,-0.293370224719102,-0.5,-0.277970224719101,-0.5,0.332929775280899,-0.5,0.161029775280899,1.9754297752809,0.632129775280899,0.885729775280899,-0.485870224719102,1.4671297752809,0.505229775280899,-0.0127702247191011,-0.0542702247191013,0.537829775280899,-0.5,0.684129775280899,0.557129775280898,-0.5,0.805129775280899,-0.5,0.866029775280899,1.0243297752809,0.956729775280899,-0.426470224719101,0.0434297752808989,1.6012297752809,1.8016297752809,-0.5,1.5545297752809,-0.5,0.303029775280899,-0.5,-0.5,0.215429775280898,-0.329670224719102,0.0194297752808991,0.886829775280899,1.4856297752809,-0.5,0.298229775280899,-0.226270224719101,0.327229775280899,0.825429775280898,-0.5,-0.5,0.666129775280899,-0.390870224719101,-0.5,0.454929775280899
12,-0.0476584269662925,-0.485358426966292,0.560241573033707,1.27694157303371,0.692941573033707,-0.5,-0.0885584269662929,-0.5,-0.177458426966292,0.217641573033707,0.00724157303370769,-0.5,0.169641573033708,-0.5,-0.245458426966293,1.50024157303371,0.111441573033708,-0.5,-0.5,-0.5,-0.5,-0.5,1.47504157303371,1.13534157303371,-0.0367584269662919,1.04524157303371,0.906841573033708,0.552541573033708,0.438941573033708,0.588041573033708,-0.189458426966292,0.693141573033708,0.505941573033708,0.382641573033708,0.563941573033708,0.199741573033708,-0.5,0.562341573033708,0.578141573033707,-0.5,-0.5,0.697841573033708,-0.5,0.317441573033708,-0.328558426966292,0.666141573033708,-0.196958426966293,1.01784157303371,0.383441573033707,-0.5,0.387541573033707,-0.5,1.05064157303371,0.269541573033708,1.24224157303371,0.113541573033708,0.715941573033708,0.700341573033708,-0.322358426966292,0.620841573033708,-0.5,-0.333058426966292,-0.144658426966293,0.369741573033707,0.596241573033708,-0.356458426966292,-0.185758426966292,-0.5,1.00744157303371,0.260441573033708,0.939741573033708,0.800141573033707,-0.5,1.61694157303371,0.679141573033708,0.524341573033708,0.242341573033707,-0.0517584269662925,-0.0393584269662924,-0.123158426966293,-0.5,0.432541573033708,1.19544157303371,0.0652415730337078,1.15244157303371,1.22694157303371,0.211041573033708,-0.481458426966292,-0.5,0.647041573033708,1.37704157303371,-0.5,-0.5,-0.198658426966293,-0.0315584269662924,0.600541573033708,-0.215758426966292,0.838241573033708,0.406741573033708,0.511541573033708,-0.364658426966292,0.229041573033707,0.883441573033707,-0.242458426966293,0.627441573033708,0.431941573033708,0.519641573033706,-0.444458426966292,-0.155058426966292,0.351041573033708,0.859341573033708,0.245541573033708,-0.5,0.279641573033708,-0.5,-0.491858426966292,2.01924157303371,1.06574157303371,-0.5,1.12194157303371,0.484341573033708,-0.362258426966293,-0.5,-0.5,0.222241573033708,0.455241573033708,-0.305958426966293,0.434041573033708,-0.5,0.663141573033708,-0.5,1.02294157303371,-0.5,0.718741573033708,-0.5,-0.5,0.216541573033708,0.879941573033708,-0.0748584269662921,0.969241573033708,0.0612415730337077,-0.5,0.568041573033708,-0.5,-0.5,-0.5,0.560241573033708,-0.5,-0.139758426966293,-0.5,-0.162058426966292,0.631141573033707,0.765641573033708,-0.318858426966293,-0.5,-0.5,1.00804157303371,0.575841573033708,0.579141573033708,0.147041573033708,0.641441573033708,1.59804157303371,0.0078415730337076,-0.391058426966292,0.00614157303370732,0.990041573033708,0.622941573033708,0.357641573033708,1.23114157303371,0.584841573033708,1.12354157303371,1.05144157303371,1.93664157303371,0.137941573033708,-0.0805584269662925,0.188041573033707,1.52554157303371,1.32204157303371,1.33964157303371,-0.5,0.884241573033708,0.779741573033708,1.28044157303371,1.72924157303371,0.655541573033708,-0.5,-0.5,0.441041573033708,0.280941573033708,0.0948415730337076,-0.424558426966292,0.496341573033708,-0.497058426966292,0.296741573033708,1.11544157303371,0.580441573033708,1.36604157303371,-0.5,0.148241573033708,-0.0744584269662926,-0.5,-0.475058426966292,-0.5,0.412741573033708,-0.5,0.298541573033708,2.08064157303371,0.667541573033707,0.900241573033708,-0.5,1.87384157303371,0.501641573033708,-0.0236584269662924,-0.0696584269662924,0.401241573033708,-0.5,0.447541573033708,0.492241573033707,-0.5,0.737941573033708,-0.5,0.885341573033708,1.39714157303371,1.04694157303371,-0.479958426966292,0.106241573033708,2.00794157303371,1.79624157303371,-0.5,1.53914157303371,-0.5,0.463241573033708,-0.5,-0.5,0.588241573033708,-0.233458426966293,-0.0537584269662922,0.680241573033708,1.58024157303371,-0.5,0.117741573033708,-0.217858426966292,0.269841573033708,0.985341573033707,-0.5,-0.5,0.642941573033708,-0.5,-0.5,0.590141573033708
